,Accuracy,Precision,Recall,F1-score
Logistic Regression,0.69593837535014,0.707983193277311,0.6631993252741074,0.6848599216141675
