,Accuracy,Precision,Recall,F1-score
Logistic Regression,0.7002801120448179,0.7184691214844883,0.6794625719769674,0.6984216459977453
