,Accuracy,Precision,Recall,F1-score
Logistic Regression,0.7005602240896358,0.7187590605972746,0.6797367699479023,0.6987034949267192
