,Accuracy,Precision,Recall,F1-score
Logistic Regression,0.7057422969187676,0.726952436876101,0.6789141760350973,0.7021125762087055
